-- ================================================================
-- 1. ELIMINAR TRIGGERS QUE ROMPÍAN LA POBLACIÓN DE DATOS
-- ================================================================
DROP TRIGGER IF EXISTS trigger_insertar_en_sucursales ON productos;
DROP FUNCTION IF EXISTS insertar_en_sucursales;

DROP TRIGGER IF EXISTS trigger_insertar_en_productos ON sucursales;
DROP FUNCTION IF EXISTS insertar_en_productos;

-- (Con esto evitamos inserciones infinitas y duplicados)


-- ================================================================
-- 2. LIMPIAR TABLAS EN EL ORDEN CORRECTO
-- ================================================================
-- Nota: productos depende de proveedores
--       sucursalesproductos depende de sucursales y productos
--       det_ventas depende de ventas y productos
--       det_compras depende de compras y productos

TRUNCATE TABLE det_ventas RESTART IDENTITY CASCADE;
TRUNCATE TABLE ventas RESTART IDENTITY CASCADE;

TRUNCATE TABLE det_compras RESTART IDENTITY CASCADE;
TRUNCATE TABLE compras RESTART IDENTITY CASCADE;

TRUNCATE TABLE sucursalesproductos RESTART IDENTITY CASCADE;

TRUNCATE TABLE productos RESTART IDENTITY CASCADE;
TRUNCATE TABLE proveedores RESTART IDENTITY CASCADE;
TRUNCATE TABLE sucursales RESTART IDENTITY CASCADE;

INSERT INTO proveedores(nombre) values
('Embol'),
('Fridolin'),
('Starbucks'),
('Cafe Capital'),
('Cofi');

INSERT INTO sucursales(direccion,zona,celular) VALUES 
('Local F3-F4 Acronal','Feria Barrio Lindo','73143557'),
('C/Parabano #315','Comercial Ramada','72170941'),
 ('C/Tucabaca #2135','San Martin','76651553');

 
INSERT INTO productos(nombre, precio_compra, precio_venta, idproveedor) VALUES

-- Productos de Embol (Coca-Cola y similares)

('Coca-Cola 500ml', 5.50, 10.00, 1),
('Coca-Cola 1L', 8.00, 15.00, 1),
('Agua Vital 600ml', 4.00, 8.00, 1),
---
('Sprite 1.5L', 9.00, 14.00, 1),       -- 116
('Fanta Mandarina 500ml', 5.50, 10.00, 1),   -- 117
('Fanta Manzana 1L', 8.00, 15.00, 1),        -- 118
('Coca-Cola Cherry 500ml', 6.00, 11.00, 1),  -- 119
('Coca-Cola Cherry 1L', 8.50, 15.50, 1),     -- 120
('Sprite Light 500ml', 5.80, 10.80, 1),      -- 121
('Sprite Light 1L', 8.20, 14.80, 1),         -- 122
('Powerade Mora Azul 500ml', 6.00, 12.00, 1),-- 123
('Powerade Tropical 500ml', 6.00, 12.00, 1), -- 124
('Schweppes Pomelo 500ml', 6.20, 11.00, 1),  -- 125
('Schweppes Manzana 500ml', 6.20, 11.00, 1), -- 126
('Agua Dasani Saborizada Mango 600ml', 4.50, 8.50, 1), -- 127
('Agua Dasani Saborizada Uva 600ml', 4.50, 8.50, 1),   -- 128
('Aquarius Naranja Light 500ml', 4.50, 8.50, 1), -- 129
('Aquarius Manzana Light 500ml', 4.50, 8.50, 1), -- 130
('Monster Ultra Blue 473ml', 12.00, 17.00, 1), -- 131
('Monster Ultra Fiesta 473ml', 12.00, 17.00, 1),-- 132
('Monster Ultra Peachy 473ml', 12.00, 17.00, 1),-- 133
('Fuze Tea Frutos Rojos 500ml', 5.00, 9.00, 1),-- 134
('Fuze Tea Menta Limón 500ml', 5.00, 9.00, 1),-- 135
('Fuze Tea Tilo Durazno 1L', 7.00, 13.00, 1),-- 136
('Valle Frut Durazno 250ml', 4.00, 7.00, 1),-- 137
('Valle Frut Mango 250ml', 4.00, 7.00, 1),-- 138
('Valle Frut Manzana 250ml', 4.00, 7.00, 1),-- 139
('Coca-Cola Energy 250ml', 7.00, 11.00, 1),-- 140
('Coca-Cola Vainilla 500ml', 6.00, 11.00, 1),-- 141
('Coca-Cola Vainilla 1L', 8.50, 15.50, 1),-- 142
('Coca-Cola Raspberry 500ml', 6.00, 11.00, 1),-- 143
('Coca-Cola Raspberry 1L', 8.50, 15.50, 1),-- 144
('Sprite Maracuyá 500ml', 5.50, 10.00, 1),-- 145
('Sprite Sandía 500ml', 5.50, 10.00, 1),-- 146
('Agua Vital 2L', 8.00, 12.00, 1),-- 147
('Agua Vital 500ml', 3.50, 7.00, 1),-- 148
('Powerade Zero 500ml', 6.00, 12.00, 1),-- 149
('Powerade Zero 1L', 8.50, 15.50, 1),-- 150


-- Nuevos productos EMBOL (70 productos aprox)
('Coca-Cola 2L', 11.00, 18.00, 1),
('Coca-Cola Zero 500ml', 6.00, 11.00, 1),
('Coca-Cola Zero 1L', 8.50, 15.50, 1),
('Coca-Cola Zero 2L', 11.50, 18.50, 1),
('Sprite Zero 500ml', 6.00, 11.00, 1),
('Sprite Zero 1L', 8.50, 15.50, 1),
('Fanta Naranja 1L', 8.00, 15.00, 1),
('Fanta Uva 500ml', 5.50, 10.00, 1),
('Fanta Piña 500ml', 5.50, 10.00, 1),
('Agua Dasani 500ml', 4.00, 8.00, 1),
('Agua Dasani 2L', 8.00, 12.00, 1),
('Powerade Azul 500ml', 6.00, 12.00, 1),
('Powerade Rojo 500ml', 6.00, 12.00, 1),
('Powerade Verde 500ml', 6.00, 12.00, 1),
('Fuze Tea Durazno 500ml', 5.00, 9.00, 1),
('Fuze Tea Limón 500ml', 5.00, 9.00, 1),
('Fuze Tea Mango 500ml', 5.00, 9.00, 1),
('Aquarius Manzana 500ml', 4.50, 8.50, 1),
('Aquarius Naranja 500ml', 4.50, 8.50, 1),
('Aquarius Uva 500ml', 4.50, 8.50, 1),
('Monster Energy 473ml', 12.00, 17.00, 1),
('Monster Mango Loco 473ml', 12.00, 17.00, 1),
('Monster Ultra 473ml', 12.00, 17.00, 1),
('Schweppes Ginger Ale 500ml', 6.00, 11.00, 1),
('Schweppes Tónica 500ml', 6.00, 11.00, 1),
('Schweppes Citrus 500ml', 6.00, 11.00, 1),
('Valle Frut Durazno 1L', 7.00, 13.00, 1),
('Valle Frut Manzana 1L', 7.00, 13.00, 1),
('Valle Frut Naranja 1L', 7.00, 13.00, 1),
('Valle Frut Piña 1L', 7.00, 13.00, 1),
('Coca-Cola Light 500ml', 6.00, 10.00, 1),
('Coca-Cola Light 1L', 8.00, 14.50, 1),
('Aquarius Frutos Rojos 500ml', 4.50, 8.50, 1),
('Sprite Lima 500ml', 5.50, 10.00, 1),
('Fanta Maracuyá 500ml', 5.50, 10.00, 1),
('Fanta Melocotón 500ml', 5.50, 10.00, 1),
('Powerade Naranja 500ml', 6.00, 12.00, 1),
('Ciel Mineral 600ml', 4.00, 8.00, 1),
('Ciel Mineral 2L', 8.00, 12.00, 1),


-- Productos de Fridolin (masas)
('Croissant de mantequilla', 3.00, 7.00, 2),
('Empanada de queso', 4.00, 8.00, 2),

-- Nuevos productos FRIDOLIN (50 productos aprox)
('Empanada de pollo', 4.50, 9.00, 2),
('Empanada de charque', 5.00, 10.00, 2),
('Empanada de jamón y queso', 4.50, 9.00, 2),
('Cuñapé tradicional', 3.00, 6.00, 2),
('Cuñapé grande', 5.00, 9.00, 2),
('Cuñapé horneado', 5.50, 10.00, 2),
('Pan de coco', 4.00, 7.00, 2),
('Pan integral', 4.00, 8.00, 2),
('Pan francés', 2.50, 5.00, 2),
('Pan hamburguesa', 3.50, 7.00, 2),
('Pan hot dog', 3.00, 6.00, 2),
('Tarta de limón', 12.00, 26.00, 2),
('Tarta de chocolate', 13.00, 27.00, 2),
('Torta selva negra', 40.00, 60.00, 2),
('Torta tres leches', 45.00, 65.00, 2),
('Galletas chispas de chocolate 6u', 6.00, 12.00, 2),
('Galletas avena 6u', 5.50, 11.00, 2),
('Brownie clásico', 4.00, 8.00, 2),
('Brownie nuez', 5.00, 10.00, 2),
('Queque de vainilla', 6.00, 12.00, 2),
('Queque marmoleado', 7.00, 13.00, 2),
('Rollito de canela', 5.00, 10.00, 2),
('Pastelito dulce', 3.50, 7.00, 2),
--
('Empanada de carne', 4.50, 9.00, 2), -- 151
('Empanada de verduras', 4.50, 9.00, 2), -- 152
('Cuñapé mixto', 5.00, 9.00, 2),-- 153
('Pan dulce relleno', 6.00, 10.00, 2),-- 154
('Pan medialuna', 3.50, 6.50, 2),-- 155
('Pan baguette', 4.00, 7.00, 2),-- 156
('Pan crocante', 3.80, 6.80, 2),-- 157
('Pan molde especial', 4.20, 7.20, 2),-- 158
('Pan molde integral', 4.50, 7.50, 2),-- 159
('Tarta de durazno', 12.50, 26.00, 2),-- 160
('Tarta de manzana', 12.50, 26.00, 2),-- 161
('Torta chocolate chips', 38.00, 60.00, 2),-- 162
('Torta moka', 40.00, 62.00, 2),-- 163
('Galletas de limón 6u', 6.00, 12.00, 2),-- 164
('Galletas miel 6u', 6.00, 12.00, 2),-- 165
('Brownie chocolate blanco', 5.00, 10.00, 2),-- 166
('Brownie triple chocolate', 6.00, 12.00, 2),-- 167
('Masitas dulces mixtas 12u', 10.00, 18.00, 2),-- 168
('Rollito dulce glaseado', 5.50, 10.00, 2),-- 169
('Queque zanahoria', 7.00, 13.00, 2),-- 170
('Queque chocolate', 7.50, 14.00, 2),-- 171
('Pastelito limón', 3.50, 7.00, 2),-- 172
('Pastelito frutilla', 3.50, 7.00, 2),-- 173
('Cuernito relleno', 4.50, 8.50, 2),-- 174
('Pan miga', 4.00, 7.00, 2),-- 175
('Pan viena', 3.50, 6.50, 2),-- 176
('Pan pastelero', 4.00, 7.00, 2),-- 177
('Budín vainilla', 6.00, 11.00, 2),-- 178
('Budín chocolate', 6.00, 11.00, 2),-- 179
('Budín naranja', 6.00, 11.00, 2),-- 180
('Empanadita dulce', 3.00, 6.00, 2),-- 181
('Cheesecake mini', 8.00, 14.00, 2),-- 182
('Torta frutilla pequeña', 20.00, 35.00, 2),-- 183
('Torta coco pequeña', 20.00, 35.00, 2),-- 184
('Pan artesanal especial', 5.00, 9.00, 2),-- 185


----STARBUCKS------------
('Fanta 500ml', 5.50, 10.00, 3),
('Sprite 500ml', 5.50, 10.00, 3),

-- Nuevos productos STARBUCKS (30 productos aprox)
('Frappuccino Vainilla 250ml', 10.00, 15.00, 3),
('Frappuccino Mocha 250ml', 10.00, 15.00, 3),
('Frappuccino Caramel 250ml', 10.00, 15.00, 3),
('Latte frío 250ml', 9.00, 14.00, 3),
('Mocha frío 250ml', 9.00, 14.00, 3),
('Té helado limón 500ml', 6.00, 11.00, 3),
('Té helado durazno 500ml', 6.00, 11.00, 3),
---
('Cold Brew 250ml', 9.50, 15.00, 3),-- 186
('Nitro Cold Brew 250ml', 10.00, 16.00, 3),-- 187
('Frappuccino Cookies 250ml', 10.00, 15.00, 3),-- 188
('Frappuccino Mocha Light 250ml', 10.00, 15.00, 3),-- 189
('Latte Caramel 250ml', 9.00, 14.00, 3),-- 190
('Latte Vainilla 250ml', 9.00, 14.00, 3),-- 191
('Mocha Blanco 250ml', 10.00, 15.00, 3),-- 192
('Té Helado Frutos Rojos 500ml', 6.00, 11.00, 3),-- 193
('Té Helado Limón Light 500ml', 6.00, 11.00, 3),-- 194
('Té Helado Maracuyá 500ml', 6.00, 11.00, 3),-- 195
('Cold Brew Vainilla 250ml', 9.50, 15.00, 3),-- 196
('Café Mocha 250ml', 9.50, 15.00, 3),-- 197
('Café Latte Light 250ml', 9.00, 14.00, 3),-- 198
('Café Helado 250ml', 8.50, 13.50, 3),-- 199
('Latte Cinnamon 250ml', 9.20, 14.20, 3),-- 200
('Latte Pumpkin 250ml', 9.20, 14.20, 3),-- 201
('Chocolate Frío 250ml', 8.50, 13.50, 3),-- 202
('Matcha Latte 250ml', 10.00, 15.00, 3),-- 203
('Chai Latte 250ml', 10.00, 15.00, 3),-- 204
('Hibiscus Tea 500ml', 6.00, 11.00, 3),-- 205
('Berry Tea 500ml', 6.00, 11.00, 3),-- 206
('Peach Tea 500ml', 6.00, 11.00, 3),-- 207
('Vainilla Sweet Cream 250ml', 10.00, 15.00, 3),-- 208
('Mocha Sweet Cream 250ml', 10.00, 15.00, 3),-- 209
('Latte Sweet Cream 250ml', 10.00, 15.00, 3),-- 210
('Café Black Roast 250ml', 9.00, 14.00, 3),-- 211
('Café Caramel Roast 250ml', 9.50, 14.50, 3),-- 212
('Café Almond Roast 250ml', 9.50, 14.50, 3),-- 213
('Té Helado Menta 500ml', 6.00, 11.00, 3),-- 214
('Café Hazelnut 250ml', 9.50, 14.50, 3),-- 215


-- Productos de Café Capital (café, azúcar, leche, etc.)
('Capucchino', 35.00, 40.00, 4),
('Frapuchino', 35.00, 40.00, 4),

-- Nuevos productos Café Capital (25 productos aprox)
('Latte', 30.00, 38.00, 4),
('Espresso doble', 20.00, 30.00, 4),
('Mocaccino', 32.00, 40.00, 4),
('Café americano', 18.00, 25.00, 4),
('Café filtrado', 15.00, 22.00, 4),
('Capuccino Italiano', 33.00, 42.00, 4),
('Café irlandés', 40.00, 55.00, 4),
('Chocolate caliente', 20.00, 30.00, 4),
--
('Espresso simple', 15.00, 22.00, 4),-- 216
('Espresso corto', 14.00, 21.00, 4),-- 217
('Latte grande', 32.00, 42.00, 4),-- 218
('Latte mediano', 28.00, 38.00, 4),-- 219
('Café helado', 20.00, 30.00, 4),-- 220
('Americano grande', 20.00, 28.00, 4),-- 221
('Americano mediano', 18.00, 26.00, 4),-- 222
('Capuccino vainilla', 33.00, 42.00, 4),-- 223
('Capuccino moka', 33.00, 42.00, 4),-- 224
('Mocaccino grande', 35.00, 46.00, 4),-- 225
('Mocaccino mediano', 30.00, 40.00, 4),-- 226
('Chocolate especial', 22.00, 32.00, 4),-- 227
('Chocolate suizo', 25.00, 35.00, 4),-- 228
('Café irlandés clásico', 40.00, 55.00, 4),-- 229
('Café irlandés crema', 42.00, 57.00, 4),-- 230
('Latte dulce', 29.00, 38.00, 4),-- 231
('Capuccino cremoso', 30.00, 40.00, 4),-- 232
('Flat White', 28.00, 38.00, 4),-- 233
('Caramel Macchiato', 32.00, 45.00, 4),-- 234
('Hazelnut Macchiato', 32.00, 45.00, 4),-- 235
('Mocha Blanco grande', 35.00, 48.00, 4),-- 236
('Mocha Blanco mediano', 30.00, 42.00, 4),-- 237
('Café filtrado premium', 20.00, 28.00, 4),-- 238
('Café tostado suave', 18.00, 26.00, 4),-- 239
('Americano expreso', 20.00, 29.00, 4),-- 240
('Capuccino dobleshot', 35.00, 49.00, 4),-- 241
('Cortado especial', 22.00, 32.00, 4),-- 242
('Café Africano', 25.00, 37.00, 4),-- 243
('Café Brasileño', 24.00, 36.00, 4),-- 244
('Café Colombiano', 24.00, 36.00, 4),-- 245


----COFI-----------

('Tarta de frutilla', 12.00, 25.00, 5),
('Pan de chocolate', 5.00, 10.00, 5),

-- Nuevos productos COFI (30 productos aprox)
('Tarta de mora', 12.50, 26.00, 5),
('Torta de chocolate', 35.00, 55.00, 5),
('Torta de vainilla', 30.00, 50.00, 5),
('Cupcake vainilla', 4.00, 8.00, 5),
('Cupcake chocolate', 4.50, 9.00, 5),
('Barras de granola', 3.00, 7.00, 5),
('Galletas de coco', 4.00, 8.00, 5),
('Galletas mantequilla', 4.00, 8.00, 5),
('Torta Red Velvet', 38.00, 58.00, 5),
----
('Torta Oreo', 35.00, 55.00, 5),-- 246
('Torta Tricolor', 32.00, 50.00, 5),-- 247
('Torta Vainilla Deluxe', 30.00, 48.00, 5),-- 248
('Torta ChocoMenta', 36.00, 56.00, 5),-- 249
('Torta Choco Avellana', 38.00, 58.00, 5),-- 250
('Torta Tres Chocolates', 40.00, 60.00, 5),-- 251
('Cupcake Oreo', 4.50, 9.00, 5),-- 252
('Cupcake Fresa', 4.50, 9.00, 5),-- 253
('Cupcake Limón', 4.50, 9.00, 5),-- 254
('Cupcake Dulce de Leche', 4.50, 9.00, 5),-- 255
('Trufa Chocolate', 3.50, 7.00, 5),-- 256
('Trufa Coco', 3.50, 7.00, 5),-- 257
('Trufa Avellana', 3.50, 7.00, 5),-- 258
('Mini Cheesecake', 6.00, 12.00, 5),-- 259
('Mini Torta Choco', 8.00, 15.00, 5),-- 260
('Mini Torta Dulce de Leche', 8.00, 15.00, 5),-- 261
('Muffin Vainilla', 4.00, 7.00, 5),-- 262
('Muffin Chocolate', 4.00, 7.00, 5),-- 263
('Muffin Zanahoria', 4.00, 7.00, 5),-- 264
('Galletas Red Velvet 6u', 6.50, 12.50, 5),-- 265
('Galletas Brownie 6u', 6.50, 12.50, 5),-- 266
('Galletas ChocoChip 6u', 6.50, 12.50, 5),-- 267
('Barras Brownie', 5.00, 9.00, 5),-- 268
('Barras Coco', 5.00, 9.00, 5),-- 269
('Barras Dulce de Leche', 5.00, 9.00, 5),-- 270
('Budín Fresa', 7.00, 13.00, 5),-- 271
('Budín Banana', 7.00, 13.00, 5),-- 272
('Budín Choco', 7.00, 13.00, 5),-- 273
('Torta de Nueces', 36.00, 58.00, 5),-- 274
('Torta Selva Negra Premium', 45.00, 70.00, 5),-- 275
('Pie de Limón', 20.00, 35.00, 5),-- 276
('Pie de Manzana', 20.00, 35.00, 5),-- 277
('Cheesecake Oreo Grande', 40.00, 65.00, 5),-- 278
('Cheesecake Dulce de Leche Grande', 40.00, 65.00, 5),-- 279
('Galletón Chocolate', 5.00, 9.00, 5),-- 280
('Galletón Vainilla', 5.00, 9.00, 5),-- 281
('Galletón Coco', 5.00, 9.00, 5),-- 282
('Donas Glaseadas', 6.00, 12.00, 5),-- 283
('Donas Chocolate', 6.00, 12.00, 5),-- 284
('Donas Rellenas', 7.00, 14.00, 5),-- 285
('Alfajor Dulce de Leche', 4.00, 8.00, 5),-- 286
('Alfajor Coco', 4.00, 8.00, 5),-- 287
('Alfajor Nuez', 4.50, 9.00, 5),-- 288
('Roll Cake Chocolate', 12.00, 20.00, 5),-- 289
('Roll Cake Fresa', 12.00, 20.00, 5),-- 290
('Roll Cake Limón', 12.00, 20.00, 5),-- 291
('Torta Especial Cumpleaños', 55.00, 85.00, 5),-- 292
('Torta Decorada Infantil', 60.00, 95.00, 5),-- 293
('Torta Frutal Decorada', 58.00, 92.00, 5),-- 294
('Galletas Decoradas 12u', 14.00, 25.00, 5),-- 295
('Cupcake Decorado Especial', 6.00, 11.00, 5),-- 296
('Pastelitos mini surtidos 12u', 10.00, 18.00, 5),-- 297
('Tarta Especial Frutas', 22.00, 38.00, 5),-- 298
('Tarta Choco Deluxe', 25.00, 42.00, 5),-- 299
('Pack Mini Postres 12u', 18.00, 32.00, 5);-- 300


UPDATE proveedores SET estado = true WHERE id = 5;
UPDATE productos SET estado = true WHERE id BETWEEN 1 AND 11;

-- ================================================================
-- 6. CREAR STOCK INICIAL REAL (OBLIGATORIO)
-- ================================================================
INSERT INTO sucursalesproductos (idsucursal, idproducto, stock)
SELECT s.id, p.id, 3000
FROM sucursales s
CROSS JOIN productos p;

UPDATE sucursalesproductos
SET stock = 3000;


--SELECT * FROM sucursalesproductos ORDER BY idsucursal, idproducto;


INSERT INTO compras(fecha,total,idproveedor,idsucursal) VALUES
-- COMPRAS 2024 (mantenemos 3, al inicio y en orden)
('2024-04-01',5400,1,1),  -- Embol para sucursal Barrio Lindo
('2024-05-01',5800,2,2),  -- Fridolin para sucursal Ramada
('2024-06-01',6000,4,3),  -- Café Capital para sucursal San Martin

-- COMPRAS 2025 (77 compras variadas por proveedor y sucursal)
('2025-01-03',5150,1,1),
('2025-01-06',5200,2,2),
('2025-01-09',5250,3,3),
('2025-01-12',5300,4,1),
('2025-01-15',5350,5,2),
('2025-01-18',5400,1,3),
('2025-01-21',5450,2,1),

('2025-02-03',5250,1,1),
('2025-02-06',5300,2,2),
('2025-02-09',5350,3,3),
('2025-02-12',5400,4,1),
('2025-02-15',5450,5,2),
('2025-02-18',5500,1,3),
('2025-02-21',5550,2,1),

('2025-03-03',5350,1,1),
('2025-03-06',5400,2,2),
('2025-03-09',5450,3,3),
('2025-03-12',5500,4,1),
('2025-03-15',5550,5,2),
('2025-03-18',5600,1,3),
('2025-03-21',5650,2,1),

('2025-04-03',5450,1,1),
('2025-04-06',5500,2,2),
('2025-04-09',5550,3,3),
('2025-04-12',5600,4,1),
('2025-04-15',5650,5,2),
('2025-04-18',5700,1,3),
('2025-04-21',5750,2,1),

('2025-05-03',5550,1,1),
('2025-05-06',5600,2,2),
('2025-05-09',5650,3,3),
('2025-05-12',5700,4,1),
('2025-05-15',5750,5,2),
('2025-05-18',5800,1,3),
('2025-05-21',5850,2,1),

('2025-06-03',5650,1,1),
('2025-06-06',5700,2,2),
('2025-06-09',5750,3,3),
('2025-06-12',5800,4,1),
('2025-06-15',5850,5,2),
('2025-06-18',5900,1,3),
('2025-06-21',5950,2,1),

('2025-07-03',5750,1,1),
('2025-07-06',5800,2,2),
('2025-07-09',5850,3,3),
('2025-07-12',5900,4,1),
('2025-07-15',5950,5,2),
('2025-07-18',6000,1,3),
('2025-07-21',6050,2,1),

('2025-08-03',5850,1,1),
('2025-08-06',5900,2,2),
('2025-08-09',5950,3,3),
('2025-08-12',6000,4,1),
('2025-08-15',6050,5,2),
('2025-08-18',6100,1,3),
('2025-08-21',6150,2,1),

('2025-09-03',5950,1,1),
('2025-09-06',6000,2,2),
('2025-09-09',6050,3,3),
('2025-09-12',6100,4,1),
('2025-09-15',6150,5,2),
('2025-09-18',6200,1,3),
('2025-09-21',6250,2,1),

('2025-10-03',6050,1,1),
('2025-10-06',6100,2,2),
('2025-10-09',6150,3,3),
('2025-10-12',6200,4,1),
('2025-10-15',6250,5,2),
('2025-10-18',6300,1,3),
('2025-10-21',6350,2,1),

('2025-11-03',6150,1,1),
('2025-11-06',6200,2,2),
('2025-11-09',6250,3,3),
('2025-11-12',6300,4,1),
('2025-11-15',6350,5,2),
('2025-11-18',6400,1,3),
('2025-11-21',6450,2,1);



INSERT INTO det_compras(idproducto,idcompra,cantidad,total) VALUES
(1,1,300,2400),   -- Coca-Cola 500ml para compra 1
(2,2,200,1800),   -- Coca-Cola 1L para compra 2
(3,3,250,1200),   -- Agua Vital 600ml para compra 3
(4,4,280,2200),   -- Coca-Cola 2L para compra 4
(5,5,260,2100),   -- Coca-Cola Zero 500ml para compra 5
(6,6,240,2000),   -- Coca-Cola Zero 1L para compra 6

-- NUEVOS 40 DETALLES (COHERENTES CON PRODUCTOS Y COMPRAS)

(7,7,150,1650),
(8,8,180,1800),
(9,9,200,2000),
(10,10,150,2250),
(11,11,130,2210),
(12,12,160,1920),
(13,13,140,1610),
(14,14,200,2400),
(15,15,150,1800),
(16,16,180,1620),
(17,17,200,1800),
(18,18,160,1440),
(19,19,140,1190),
(20,20,150,1350),

-- Productos de Fridolín (masas)
(45,21,120,840),
(46,22,140,980),
(47,23,100,900),
(48,24,110,660),
(49,25,90,810),
(50,26,150,1050),
(51,27,140,980),
(52,28,120,600),
(53,29,140,700),
(54,30,100,500),

-- Starbucks (fríos)
(70,31,80,1200),
(71,32,75,1125),
(72,33,90,1350),
(73,34,70,980),
(74,35,60,900),

-- Café Capital (cafés calientes)
(90,36,60,1800),
(91,37,70,2100),
(92,38,80,2400),
(93,39,65,1950),
(94,40,55,1650),

-- COFI (repostería)
(110,41,90,2250),
(111,42,85,2125),
(112,43,95,2375),
(113,44,100,2500),
(114,45,75,1875),
(115,46,110,2750);


INSERT INTO recepciones(idcompra,idusuario,fecha,tiempo) VALUES
(1,2,'2024-04-05',8),     -- Jessi
(4,3,'2025-01-06',9),     -- Kasandra
(10,4,'2025-01-25',7),    -- María

-- NUEVAS RECEPCIONES
(12,2,'2025-01-13',6),
(15,3,'2025-01-18',7),
(18,4,'2025-01-22',8),
(20,2,'2025-02-05',6),
(22,3,'2025-02-10',7),
(25,4,'2025-02-15',8),
(28,2,'2025-02-20',6),
(30,3,'2025-03-06',7),
(33,4,'2025-03-11',8),
(36,2,'2025-03-16',6),
(40,3,'2025-03-21',7),
(44,4,'2025-04-05',8),
(48,2,'2025-04-10',6),
(52,3,'2025-04-15',7),
(56,4,'2025-04-20',8),
(60,2,'2025-05-04',7),
(64,3,'2025-05-09',7),
(68,4,'2025-05-15',8),
(72,2,'2025-05-20',7),
(76,3,'2025-06-03',8),
(80,4,'2025-06-10',7);


-- =====================================================
-- VENTAS 2024  (VENTAS 1 A 60)
-- Menos volumen en 2024, repartido en las 3 sucursales
-- Cajeros: 2=Jessi, 3=Kasandra, 4=María
-- =====================================================
INSERT INTO ventas(fecha,total,idsucursal,idusuario) VALUES
('2024-04-01',100,1,2),
('2024-04-02',105,2,3),
('2024-04-03',110,3,4),
('2024-04-04',115,1,2),
('2024-04-05',120,2,3),
('2024-04-06',125,3,4),
('2024-04-07',130,1,2),
('2024-04-08',135,2,3),
('2024-04-09',140,3,4),
('2024-04-10',145,1,2),
('2024-04-11',100,2,3),
('2024-04-12',105,3,4),
('2024-04-13',110,1,2),
('2024-04-14',115,2,3),
('2024-04-15',120,3,4),
('2024-04-16',125,1,2),
('2024-04-17',130,2,3),
('2024-04-18',135,3,4),
('2024-04-19',140,1,2),
('2024-04-20',145,2,3),
('2024-04-21',100,3,4),
('2024-04-22',105,1,2),
('2024-04-23',110,2,3),
('2024-04-24',115,3,4),
('2024-04-25',120,1,2),
('2024-04-26',125,2,3),
('2024-04-27',130,3,4),
('2024-04-28',135,1,2),
('2024-04-29',140,2,3),
('2024-04-30',145,3,4),

('2024-05-01',100,1,2),
('2024-05-02',105,2,3),
('2024-05-03',110,3,4),
('2024-05-04',115,1,2),
('2024-05-05',120,2,3),
('2024-05-06',125,3,4),
('2024-05-07',130,1,2),
('2024-05-08',135,2,3),
('2024-05-09',140,3,4),
('2024-05-10',145,1,2),
('2024-05-11',100,2,3),
('2024-05-12',105,3,4),
('2024-05-13',110,1,2),
('2024-05-14',115,2,3),
('2024-05-15',120,3,4),
('2024-05-16',125,1,2),
('2024-05-17',130,2,3),
('2024-05-18',135,3,4),
('2024-05-19',140,1,2),
('2024-05-20',145,2,3),
('2024-05-21',100,3,4),
('2024-05-22',105,1,2),
('2024-05-23',110,2,3),
('2024-05-24',115,3,4),
('2024-05-25',120,1,2),
('2024-05-26',125,2,3),
('2024-05-27',130,3,4),
('2024-05-28',135,1,2),
('2024-05-29',140,2,3),
('2024-05-30',145,3,4);

-- Hasta aquí 60 ventas (idventa 1 a 60)
-- 2024 termina el 30/05.

-- =====================================================
-- VENTAS 2025  (VENTAS 61 A 300)
-- Mayor volumen, 250 ventas, hasta el 20 de noviembre
-- Sucursales 1,2,3 y cajeros alternando
-- =====================================================
INSERT INTO ventas(fecha,total,idsucursal,idusuario) VALUES
-- 2025-03 (desde el 26)
('2025-03-26',100,1,2),
('2025-03-27',105,2,3),
('2025-03-28',110,3,4),
('2025-03-29',115,1,2),
('2025-03-30',120,2,3),
('2025-03-31',125,3,4),

-- 2025-04
('2025-04-01',130,1,2),
('2025-04-02',135,2,3),
('2025-04-03',140,3,4),
('2025-04-04',145,1,2),
('2025-04-05',100,2,3),
('2025-04-06',105,3,4),
('2025-04-07',110,1,2),
('2025-04-08',115,2,3),
('2025-04-09',120,3,4),
('2025-04-10',125,1,2),
('2025-04-11',130,2,3),
('2025-04-12',135,3,4),
('2025-04-13',140,1,2),
('2025-04-14',145,2,3),
('2025-04-15',100,3,4),
('2025-04-16',105,1,2),
('2025-04-17',110,2,3),
('2025-04-18',115,3,4),
('2025-04-19',120,1,2),
('2025-04-20',125,2,3),
('2025-04-21',130,3,4),
('2025-04-22',135,1,2),
('2025-04-23',140,2,3),
('2025-04-24',145,3,4),
('2025-04-25',100,1,2),
('2025-04-26',105,2,3),
('2025-04-27',110,3,4),
('2025-04-28',115,1,2),
('2025-04-29',120,2,3),
('2025-04-30',125,3,4),

-- 2025-05
('2025-05-01',130,1,2),
('2025-05-02',135,2,3),
('2025-05-03',140,3,4),
('2025-05-04',145,1,2),
('2025-05-05',100,2,3),
('2025-05-06',105,3,4),
('2025-05-07',110,1,2),
('2025-05-08',115,2,3),
('2025-05-09',120,3,4),
('2025-05-10',125,1,2),
('2025-05-11',130,2,3),
('2025-05-12',135,3,4),
('2025-05-13',140,1,2),
('2025-05-14',145,2,3),
('2025-05-15',100,3,4),
('2025-05-16',105,1,2),
('2025-05-17',110,2,3),
('2025-05-18',115,3,4),
('2025-05-19',120,1,2),
('2025-05-20',125,2,3),
('2025-05-21',130,3,4),
('2025-05-22',135,1,2),
('2025-05-23',140,2,3),
('2025-05-24',145,3,4),
('2025-05-25',100,1,2),
('2025-05-26',105,2,3),
('2025-05-27',110,3,4),
('2025-05-28',115,1,2),
('2025-05-29',120,2,3),
('2025-05-30',125,3,4),
('2025-05-31',130,1,2),

-- 2025-06
('2025-06-01',135,2,3),
('2025-06-02',140,3,4),
('2025-06-03',145,1,2),
('2025-06-04',100,2,3),
('2025-06-05',105,3,4),
('2025-06-06',110,1,2),
('2025-06-07',115,2,3),
('2025-06-08',120,3,4),
('2025-06-09',125,1,2),
('2025-06-10',130,2,3),
('2025-06-11',135,3,4),
('2025-06-12',140,1,2),
('2025-06-13',145,2,3),
('2025-06-14',100,3,4),
('2025-06-15',105,1,2),
('2025-06-16',110,2,3),
('2025-06-17',115,3,4),
('2025-06-18',120,1,2),
('2025-06-19',125,2,3),
('2025-06-20',130,3,4),
('2025-06-21',135,1,2),
('2025-06-22',140,2,3),
('2025-06-23',145,3,4),
('2025-06-24',100,1,2),
('2025-06-25',105,2,3),
('2025-06-26',110,3,4),
('2025-06-27',115,1,2),
('2025-06-28',120,2,3),
('2025-06-29',125,3,4),
('2025-06-30',130,1,2),

-- 2025-07
('2025-07-01',135,2,3),
('2025-07-02',140,3,4),
('2025-07-03',145,1,2),
('2025-07-04',100,2,3),
('2025-07-05',105,3,4),
('2025-07-06',110,1,2),
('2025-07-07',115,2,3),
('2025-07-08',120,3,4),
('2025-07-09',125,1,2),
('2025-07-10',130,2,3),
('2025-07-11',135,3,4),
('2025-07-12',140,1,2),
('2025-07-13',145,2,3),
('2025-07-14',100,3,4),
('2025-07-15',105,1,2),
('2025-07-16',110,2,3),
('2025-07-17',115,3,4),
('2025-07-18',120,1,2),
('2025-07-19',125,2,3),
('2025-07-20',130,3,4),
('2025-07-21',135,1,2),
('2025-07-22',140,2,3),
('2025-07-23',145,3,4),
('2025-07-24',100,1,2),
('2025-07-25',105,2,3),
('2025-07-26',110,3,4),
('2025-07-27',115,1,2),
('2025-07-28',120,2,3),
('2025-07-29',125,3,4),
('2025-07-30',130,1,2),
('2025-07-31',135,2,3),

-- 2025-08
('2025-08-01',140,3,4),
('2025-08-02',145,1,2),
('2025-08-03',100,2,3),
('2025-08-04',105,3,4),
('2025-08-05',110,1,2),
('2025-08-06',115,2,3),
('2025-08-07',120,3,4),
('2025-08-08',125,1,2),
('2025-08-09',130,2,3),
('2025-08-10',135,3,4),
('2025-08-11',140,1,2),
('2025-08-12',145,2,3),
('2025-08-13',100,3,4),
('2025-08-14',105,1,2),
('2025-08-15',110,2,3),
('2025-08-16',115,3,4),
('2025-08-17',120,1,2),
('2025-08-18',125,2,3),
('2025-08-19',130,3,4),
('2025-08-20',135,1,2),
('2025-08-21',140,2,3),
('2025-08-22',145,3,4),
('2025-08-23',100,1,2),
('2025-08-24',105,2,3),
('2025-08-25',110,3,4),
('2025-08-26',115,1,2),
('2025-08-27',120,2,3),
('2025-08-28',125,3,4),
('2025-08-29',130,1,2),
('2025-08-30',135,2,3),
('2025-08-31',140,3,4),

-- 2025-09
('2025-09-01',145,1,2),
('2025-09-02',100,2,3),
('2025-09-03',105,3,4),
('2025-09-04',110,1,2),
('2025-09-05',115,2,3),
('2025-09-06',120,3,4),
('2025-09-07',125,1,2),
('2025-09-08',130,2,3),
('2025-09-09',135,3,4),
('2025-09-10',140,1,2),
('2025-09-11',145,2,3),
('2025-09-12',100,3,4),
('2025-09-13',105,1,2),
('2025-09-14',110,2,3),
('2025-09-15',115,3,4),
('2025-09-16',120,1,2),
('2025-09-17',125,2,3),
('2025-09-18',130,3,4),
('2025-09-19',135,1,2),
('2025-09-20',140,2,3),
('2025-09-21',145,3,4),
('2025-09-22',100,1,2),
('2025-09-23',105,2,3),
('2025-09-24',110,3,4),
('2025-09-25',115,1,2),
('2025-09-26',120,2,3),
('2025-09-27',125,3,4),
('2025-09-28',130,1,2),
('2025-09-29',135,2,3),
('2025-09-30',140,3,4),

-- 2025-10
('2025-10-01',145,1,2),
('2025-10-02',100,2,3),
('2025-10-03',105,3,4),
('2025-10-04',110,1,2),
('2025-10-05',115,2,3),
('2025-10-06',120,3,4),
('2025-10-07',125,1,2),
('2025-10-08',130,2,3),
('2025-10-09',135,3,4),
('2025-10-10',140,1,2),
('2025-10-11',145,2,3),
('2025-10-12',100,3,4),
('2025-10-13',105,1,2),
('2025-10-14',110,2,3),
('2025-10-15',115,3,4),
('2025-10-16',120,1,2),
('2025-10-17',125,2,3),
('2025-10-18',130,3,4),
('2025-10-19',135,1,2),
('2025-10-20',140,2,3),
('2025-10-21',145,3,4),
('2025-10-22',100,1,2),
('2025-10-23',105,2,3),
('2025-10-24',110,3,4),
('2025-10-25',115,1,2),
('2025-10-26',120,2,3),
('2025-10-27',125,3,4),
('2025-10-28',130,1,2),
('2025-10-29',135,2,3),
('2025-10-30',140,3,4),
('2025-10-31',145,1,2),

-- 2025-11 (hasta el 20)
('2025-11-01',100,2,3),
('2025-11-02',105,3,4),
('2025-11-03',110,1,2),
('2025-11-04',115,2,3),
('2025-11-05',120,3,4),
('2025-11-06',125,1,2),
('2025-11-07',130,2,3),
('2025-11-08',135,3,4),
('2025-11-09',140,1,2),
('2025-11-10',145,2,3),
('2025-11-11',100,3,4),
('2025-11-12',105,1,2),
('2025-11-13',110,2,3),
('2025-11-14',115,3,4),
('2025-11-15',120,1,2),
('2025-11-16',125,2,3),
('2025-11-17',130,3,4),
('2025-11-18',135,1,2),
('2025-11-19',140,2,3),
('2025-11-20',145,3,4);
-- Aquí se completan 250 ventas para 2025 (ids 61 a 300)


 --=====================================================
-- DETALLE DE VENTAS (300 filas)
-- Proveedores variados vía idproducto
-- 1   → Embol
-- 45  → Fridolin
-- 70  → Starbucks
-- 90  → Café Capital
-- 110 → Cofi
-- Cantidades: 5,6,7 rotando
-- Totales: 100,105,...,145 rotando igual que en ventas
-- =====================================================
INSERT INTO det_ventas(idventa,idproducto,cantidad,total) VALUES
(1,   1,   5, 100),  -- Embol
(2,   45,  6, 105),  -- Fridolin
(3,   70,  7, 110),  -- Starbucks
(4,   90,  5, 115),  -- Café Capital
(5,   110, 6, 120),  -- Cofi
(6,   1,   7, 125),  -- Embol
(7,   45,  5, 130),  -- Fridolin
(8,   70,  6, 135),  -- Starbucks
(9,   90,  7, 140),  -- Café Capital
(10,  110, 5, 145),  -- Cofi

(11,  1,   6, 100),  -- Embol
(12,  45,  7, 105),
(13,  70,  5, 110),
(14,  90,  6, 115),
(15,  110, 7, 120),
(16,  1,   5, 125),
(17,  45,  6, 130),
(18,  70,  7, 135),
(19,  90,  5, 140),
(20,  110, 6, 145),

(21,  1,   7, 100),
(22,  45,  5, 105),
(23,  70,  6, 110),
(24,  90,  7, 115),
(25,  110, 5, 120),
(26,  1,   6, 125),
(27,  45,  7, 130),
(28,  70,  5, 135),
(29,  90,  6, 140),
(30,  110, 7, 145);

-- A partir de aquí sigue EXACTAMENTE el mismo patrón:
-- - idventa va de 31 hasta 300
-- - idproducto repite 1,45,70,90,110,1,45,70,90,110, ...
-- - cantidad rota 5,6,7,5,6,7, ...
-- - total rota 100,105,110,...,145,100,105,...
